,precision,recall,f1-score,support
0,0.9945306090557487,0.35499435233088367,0.5232252230032475,71711.0
1,0.8792069848355544,0.8450712756935751,0.8618012362409319,396208.0
2,0.5082048493378543,0.9999842646063791,0.6739166167370982,63551.0
accuracy,0.7974692833085593,0.7974692833085593,0.7974692833085593,0.7974692833085593
macro avg,0.7939808144097191,0.7333499642102793,0.6863143586604258,531470.0
weighted avg,0.8504046360735171,0.7974692833085593,0.7936508609810381,531470.0
