,precision,recall,f1-score,support
0,0.9993025623857946,0.9990238596589087,0.9991631915872861,71711.0
1,0.9998157491563583,0.9997930380002423,0.9998043934493259,396208.0
2,0.9994966970745518,0.9999527938191374,0.9997246934264656,63551.0
accuracy,0.9997083560690161,0.9997083560690161,0.9997083560690161,0.9997083560690161
macro avg,0.9995383362055682,0.9995898971594296,0.9995640928210259,531470.0
weighted avg,0.9997083541663216,0.9997083560690161,0.9997083461787715,531470.0
