,precision,recall,f1-score,support
0,0.9992885838634081,0.9989680802108463,0.9991283063340749,71711.0
1,0.9998056546912938,0.999790514073416,0.9997980843250338,396208.0
2,0.9994966970745518,0.9999527938191374,0.9997246934264656,63551.0
accuracy,0.9996989482002747,0.9996989482002747,0.9996989482002747,0.9996989482002747
macro avg,0.9995303118764179,0.9995704627011333,0.999550361361858,531470.0
weighted avg,0.9996989426818857,0.9996989482002747,0.9996989357098636,531470.0
