,precision,recall,f1-score,support
0,0.9984953187695051,0.9994003709333296,0.9989476398558754,71711.0
1,0.9998737753048957,0.9996491741711424,0.999761462123593,396208.0
2,0.9995123869445537,0.9998898522446539,0.9997010839639413,63551.0
accuracy,0.9996443825615745,0.9996443825615745,0.9996443825615745,0.9996443825615745
macro avg,0.9992938270063183,0.9996464657830421,0.9994700619811366,531470.0
weighted avg,0.9996445674694628,0.9996443825615745,0.999644433691011,531470.0
